S/N,Product,Discription,Quantity,Price 
1,Pantene Pro-V,Pantene Pro-V Repair is a unique shampoo plus conditioner that helps protect damaged hair & provides round-the-clock protection. ,50,250
2,Chocolate Liquor,"Chocolate liquor/unsweetened chocolate is the base of all types of chocolate. Chocolate liquor is 100% cocoa, with no added ingredients.",100,100
3,LUX Purple Lotus ,"For soft, moisturized skin use LUX Purple Lotus Bar. This soap is enriched with Lotus Extracts to help transform dry skin instantly.",65,180
4,GG matelass� leather bag,Guccio Gucci's monogram on a  matelass� leather handbag. The textured material is crafted into a slimline shoulder bag in green.,30,6250
5,Northstar - Bag,"Unisex Northstar bags for the stylish you. Available in five colors (red, green, blue, black, purple).",55,1150
